system_id,family,generated_state_count,order,depth,nonlinear,trig,parse_success,state_extraction_success,solve_success,first_order_success,state_space_success,graph_success,simulink_build_success,simulation_success,rmse,max_abs_error,graph_node_count,simulink_block_count,build_time_sec,simulation_time_sec,ode_simulation_time_sec,state_space_simulation_time_sec,failure_category,failure_stage,failure_reason,overall_pass
syn_s1_d1_u0_f0,linear_first_order,1,1,1,False,False,True,True,True,True,True,True,True,True,4.2308234888418206e-12,1.1851311598753966e-11,5,9,27.142559250001796,1.2788314580102451,0.007548124995082617,0.0012991250259801745,,,,True
syn_s1_d1_u0_f1,linear_dense_coupled,1,1,1,False,False,True,True,True,True,True,True,True,True,3.84647145434705e-12,1.1940899657947313e-11,5,9,1.1204615000169724,0.19996016600634903,0.0015070840017870069,0.002071041031740606,,,,True
syn_s1_d1_u0_f2,nonlinear_polynomial,1,1,1,True,False,True,True,True,True,False,True,True,True,1.1334106771236824e-11,3.050343311272741e-11,11,14,1.8970236669993028,0.1948955410043709,0.0018088750075548887,,,,,True
syn_s1_d1_u0_f3,nonlinear_trigonometric,1,1,1,True,True,True,True,True,True,False,True,True,True,6.584430376525043e-12,1.889494116724677e-11,17,15,1.913221875031013,0.20201129204360768,0.001968082971870899,,,,,True
syn_s1_d1_u0_f4,linear_mixed_order,1,2,1,False,False,True,True,True,True,True,True,True,True,4.096625646875348e-12,1.651754427678398e-11,10,16,1.8933342919917777,0.1857399590080604,0.0016173330368474126,0.0019489580299705267,,,,True
syn_s1_d1_u0_f5,nonlinear_mixed_order,1,2,1,True,True,True,True,True,True,True,True,True,True,1.4799620748532254e-11,4.3322456733108083e-11,16,17,2.1598562499857508,0.1838359579560347,0.0021292909514158964,0.002257874992210418,,,,True
syn_s2_d1_u0_f0,linear_first_order,2,1,1,False,False,True,True,True,True,True,True,True,True,4.538929218591408e-12,1.471936461605594e-11,13,22,2.7173254580120556,0.1986047500395216,0.0019414579728618264,0.0017722499906085432,,,,True
syn_s2_d1_u0_f1,linear_dense_coupled,2,1,1,False,False,True,True,True,True,True,True,True,True,4.7724990709274255e-12,1.4273970894151944e-11,13,22,2.503977374988608,0.20808837504591793,0.0017292909906245768,0.0017223750473931432,,,,True
syn_s2_d1_u0_f2,nonlinear_polynomial,2,1,1,True,False,True,True,True,True,False,True,True,True,1.2029083124028897e-11,3.143360571833398e-11,20,28,3.1657081249868497,0.16924012498930097,0.0019089169800281525,,,,,True
syn_s2_d1_u0_f3,nonlinear_trigonometric,2,1,1,True,True,True,True,True,True,False,True,True,True,1.636084623632567e-10,7.039729355007296e-10,25,31,3.3879652920295484,0.18390112498309463,0.0023117499658837914,,,,,True
syn_s2_d1_u0_f4,linear_mixed_order,2,2,1,False,False,True,True,True,True,True,True,True,True,1.872135692224446e-12,5.754556553494439e-12,17,28,3.013197374995798,0.25181066599907354,0.0018377910018898547,0.002796166983898729,,,,True
syn_s2_d1_u0_f5,nonlinear_mixed_order,2,2,1,True,True,True,True,True,True,False,True,True,True,4.41803382827337e-12,1.712779917895091e-11,31,38,3.2778686249512248,0.1851465409854427,0.004147625004407018,,,,,True
syn_s3_d1_u0_f0,linear_first_order,3,1,1,False,False,True,True,True,True,True,True,True,True,4.844924060224778e-12,2.0042342785409062e-11,18,32,3.7423836670350283,0.21712795802159235,0.00222416699398309,0.002225333999376744,,,,True
syn_s3_d1_u0_f1,linear_dense_coupled,3,1,1,False,False,True,True,True,True,True,True,True,True,5.01205506877626e-12,1.744204780607106e-11,18,32,3.6581967920064926,0.24421675002668053,0.0019197500078007579,0.002200332994107157,,,,True
syn_s3_d1_u0_f2,nonlinear_polynomial,3,1,1,True,False,True,True,True,True,False,True,True,True,8.83950779610307e-12,2.4543506116359026e-11,28,42,3.8772651669569314,0.21391487499931827,0.0027405829750932753,,,,,True
syn_s3_d1_u0_f3,nonlinear_trigonometric,3,1,1,True,True,True,True,True,True,False,True,True,True,1.1232581298439501e-11,2.766201157022863e-11,34,42,3.0978485830128193,0.21153820800827816,0.0031825839541852474,,,,,True
syn_s3_d1_u0_f4,linear_mixed_order,3,2,1,False,False,True,True,True,True,True,True,True,True,3.1976336838893397e-12,1.4993249697337063e-11,22,38,4.189995167020243,0.2285455419914797,0.0035803330247290432,0.003509541042149067,,,,True
syn_s3_d1_u0_f5,nonlinear_mixed_order,3,2,1,True,True,True,True,True,True,False,True,True,True,1.943775246704493e-11,7.890355036010988e-11,39,47,3.2547984159900807,0.20445854199351743,0.0036187920486554503,,,,,True
syn_s4_d1_u0_f0,linear_first_order,4,1,1,False,False,True,True,True,True,True,True,True,True,4.0165186812977044e-12,1.2293902007520785e-11,23,42,4.150542333023623,0.23977099999319762,0.00302100001135841,0.0027444580337032676,,,,True
syn_s4_d1_u0_f1,linear_dense_coupled,4,1,1,False,False,True,True,True,True,True,True,True,True,3.623098578575276e-12,1.2354638145861685e-11,23,42,4.280830540985335,0.1951924579916522,0.0033174160053022206,0.0032654160168021917,,,,True
syn_s4_d1_u0_f2,nonlinear_polynomial,4,1,1,True,False,True,True,True,True,False,True,True,True,9.690909607740507e-12,5.001912772861772e-11,36,56,4.329772958997637,0.17509295901982114,0.002847458003088832,,,,,True
syn_s4_d1_u0_f3,nonlinear_trigonometric,4,1,1,True,True,True,True,True,True,False,True,True,True,2.7471136479459414e-12,1.5257219099229502e-11,48,61,3.641721916035749,0.1803932500188239,0.004569042008370161,,,,,True
syn_s4_d1_u0_f4,linear_mixed_order,4,2,1,False,False,True,True,True,True,True,True,True,True,4.245362780006608e-12,1.923777803725102e-11,27,48,4.446449749986641,0.2010411250521429,0.002575625025201589,0.005446958006359637,,,,True
syn_s4_d1_u0_f5,nonlinear_mixed_order,4,2,1,True,True,True,True,True,True,False,True,True,True,2.4678462906023406e-12,1.627957491034948e-11,50,64,4.288371999980882,0.26477750000776723,0.0046558749745599926,,,,,True
syn_s5_d1_u0_f0,linear_first_order,5,1,1,False,False,True,True,True,True,True,True,True,True,4.107251302524034e-12,1.779849184702087e-11,28,52,4.213643624971155,0.21759420802118257,0.0033309169812127948,0.00416662497445941,,,,True
syn_s5_d1_u0_f1,linear_dense_coupled,5,1,1,False,False,True,True,True,True,True,True,True,True,4.296453504119198e-12,1.7118396977711114e-11,28,52,4.673064041999169,0.2304283749544993,0.002429666987154633,0.0046395829995162785,,,,True
syn_s5_d1_u0_f2,nonlinear_polynomial,5,1,1,True,False,True,True,True,True,False,True,True,True,1.2012718365752637e-11,5.56767965065319e-11,45,71,5.422497916966677,0.21800258295843378,0.004215499968267977,,,,,True
syn_s5_d1_u0_f3,nonlinear_trigonometric,5,1,1,True,True,True,True,True,True,False,True,True,True,1.752959941544218e-11,7.470493668115807e-11,58,83,4.503083624993451,0.21675416600191966,0.004959832993336022,,,,,True
syn_s5_d1_u0_f4,linear_mixed_order,5,2,1,False,False,True,True,True,True,True,True,True,True,4.4115140363947885e-12,1.622103840137612e-11,32,58,4.354861250030808,0.22191845899214968,0.002623792039230466,0.006188708008266985,,,,True
syn_s5_d1_u0_f5,nonlinear_mixed_order,5,2,1,True,True,True,True,True,True,False,True,True,True,8.455489609279918e-12,3.22338683522716e-11,61,76,4.562946334015578,0.25635837501613423,0.004670416994486004,,,,,True
syn_s6_d1_u0_f0,linear_first_order,6,1,1,False,False,True,True,True,True,True,True,True,True,4.33095894751485e-12,1.4003423420838601e-11,33,62,5.167398125049658,0.20148458395851776,0.0032850829884409904,0.0044680419960059226,,,,True
syn_s6_d1_u0_f1,linear_dense_coupled,6,1,1,False,False,True,True,True,True,True,True,True,True,3.9250993542185585e-12,1.4208648146940561e-11,33,62,5.184651165967807,0.22589937498560175,0.003797416982706636,0.004573624988552183,,,,True
syn_s6_d1_u0_f2,nonlinear_polynomial,6,1,1,True,False,True,True,True,True,False,True,True,True,1.2579388461806738e-11,5.143288572817539e-11,47,79,4.635048000025563,0.2753999170381576,0.00340662500821054,,,,,True
syn_s6_d1_u0_f3,nonlinear_trigonometric,6,1,1,True,True,True,True,True,True,False,True,True,True,7.264610904226284e-12,3.164410400380291e-11,62,94,5.224370208045002,0.20975179102970287,0.004588374984450638,,,,,True
syn_s6_d1_u0_f4,linear_mixed_order,6,2,1,False,False,True,True,True,True,True,True,True,True,3.907181699237273e-12,1.6588133644468428e-11,37,68,4.940895957988687,0.22700570797314867,0.003079625021200627,0.007567542023025453,,,,True
syn_s6_d1_u0_f5,nonlinear_mixed_order,6,2,1,True,True,True,True,True,True,False,True,True,True,3.049637836808224e-12,2.2021176548925325e-11,68,98,4.84843691700371,0.2784351659938693,0.005713374994229525,,,,,True
syn_s1_d1_u1_f0,linear_first_order,1,1,1,False,False,True,True,True,True,True,True,True,True,3.5155520869290946e-12,1.147741623963583e-11,9,11,1.4192519999924116,0.13975720800226554,0.0015666249673813581,0.0015710829757153988,,,,True
syn_s1_d1_u1_f1,linear_dense_coupled,1,1,1,False,False,True,True,True,True,True,True,True,True,5.372941009501912e-12,1.221049650279582e-11,9,11,1.2859761249856092,0.14038579200860113,0.0013850419782102108,0.001193000003695488,,,,True
syn_s1_d1_u1_f2,nonlinear_polynomial,1,1,1,True,False,True,True,True,True,False,True,True,True,3.514468301568928e-12,1.2059554743704126e-11,13,13,1.5408676250372082,0.14009295898722485,0.001819874974898994,,,,,True
syn_s1_d1_u1_f3,nonlinear_trigonometric,1,1,1,True,True,True,True,True,True,False,True,True,True,1.1338323545246201e-11,2.3401391935351512e-11,20,13,1.5254577919840813,0.1343205840094015,0.002315874968189746,,,,,True
syn_s1_d1_u1_f4,linear_mixed_order,1,2,1,False,False,True,True,True,True,True,True,True,True,2.349071003836547e-11,7.714212602039083e-11,11,18,2.203843166003935,0.15980616700835526,0.0024115410051308572,0.002456250018440187,,,,True
syn_s1_d1_u1_f5,nonlinear_mixed_order,1,2,1,True,True,True,True,True,True,True,True,True,True,2.497975305668605e-11,8.018963271183566e-11,17,19,2.2390482909977436,0.16013624996412545,0.00253054202767089,0.002318957995157689,,,,True
syn_s2_d1_u1_f0,linear_first_order,2,1,1,False,False,True,True,True,True,True,True,True,True,4.06802281767972e-12,1.5309892242854062e-11,15,23,2.5954289169749245,0.1671704999753274,0.002226333017461002,0.002979208016768098,,,,True
syn_s2_d1_u1_f1,linear_dense_coupled,2,1,1,False,False,True,True,True,True,True,True,True,True,5.22834737857744e-12,1.5567658273596408e-11,15,23,2.5430052090086974,0.1655572919989936,0.002630666014738381,0.0020310839754529297,,,,True
syn_s2_d1_u1_f2,nonlinear_polynomial,2,1,1,True,False,True,True,True,True,False,True,True,True,1.3817421338464373e-11,4.287184496298835e-11,23,31,3.2371039999998175,0.1424030409543775,0.002263000002130866,,,,,True
syn_s2_d1_u1_f3,nonlinear_trigonometric,2,1,1,True,True,True,True,True,True,False,True,True,True,9.574158346404846e-12,2.3701138274212497e-11,28,26,2.669125582964625,0.16070100001525134,0.0025667089503258467,,,,,True
syn_s2_d1_u1_f4,linear_mixed_order,2,2,1,False,False,True,True,True,True,True,True,True,True,6.3877018261353876e-12,1.6873447084009285e-11,18,30,3.413189249986317,0.2425105840084143,0.0025024590431712568,0.003497958998195827,,,,True
syn_s2_d1_u1_f5,nonlinear_mixed_order,2,2,1,True,True,True,True,True,True,False,True,True,True,3.0475743851702665e-11,1.0487855028884496e-10,32,40,2.741728375025559,0.16457000002264977,0.0036154160043224692,,,,,True
syn_s3_d1_u1_f0,linear_first_order,3,1,1,False,False,True,True,True,True,True,True,True,True,4.377348271410759e-12,2.1012941386899797e-11,20,35,3.217348459002096,0.1638435420463793,0.0027460410492494702,0.002737834001891315,,,,True
syn_s3_d1_u1_f1,linear_dense_coupled,3,1,1,False,False,True,True,True,True,True,True,True,True,4.521523346052134e-12,1.580382352761589e-11,20,35,3.5105162909603678,0.22328820900293067,0.002206208009738475,0.0024387919693253934,,,,True
syn_s3_d1_u1_f2,nonlinear_polynomial,3,1,1,True,False,True,True,True,True,False,True,True,True,9.14324414308688e-12,4.444761225741445e-11,32,47,4.584432874980848,0.21558554202783853,0.0027957919519394636,,,,,True
syn_s3_d1_u1_f3,nonlinear_trigonometric,3,1,1,True,True,True,True,True,True,False,True,True,True,1.399842497533085e-11,5.468031583077959e-11,42,47,3.320843540946953,0.18619641696568578,0.003145708004012704,,,,,True
syn_s3_d1_u1_f4,linear_mixed_order,3,2,1,False,False,True,True,True,True,True,True,True,True,3.887522065938346e-12,1.4949950999376682e-11,24,41,3.6808737089741044,0.15526475000660866,0.0032732090330682695,0.004391832975670695,,,,True
syn_s3_d1_u1_f5,nonlinear_mixed_order,3,2,1,True,True,True,True,True,True,False,True,True,True,4.9091868154436987e-11,3.2448460585143835e-10,43,47,3.1401857910095714,0.2093829580117017,0.003611500025726855,,,,,True
syn_s4_d1_u1_f0,linear_first_order,4,1,1,False,False,True,True,True,True,True,True,True,True,3.455275669271027e-12,1.2628183221341516e-11,25,45,3.878390792000573,0.1933016250259243,0.002433541987556964,0.004480292031075805,,,,True
syn_s4_d1_u1_f1,linear_dense_coupled,4,1,1,False,False,True,True,True,True,True,True,True,True,4.0682971480590654e-12,1.3253363684295749e-11,25,45,4.545425041986164,0.18584233295405284,0.003296624985523522,0.0038074159529060125,,,,True
syn_s4_d1_u1_f2,nonlinear_polynomial,4,1,1,True,False,True,True,True,True,False,True,True,True,6.640367989800488e-12,3.227158817953324e-11,41,62,5.686051291995682,0.1883619159925729,0.0035655420506373048,,,,,True
syn_s4_d1_u1_f3,nonlinear_trigonometric,4,1,1,True,True,True,True,True,True,False,True,True,True,1.243962105088098e-11,6.497967441898567e-11,50,68,3.8167304579983465,0.19658374995924532,0.00433724996400997,,,,,True
syn_s4_d1_u1_f4,linear_mixed_order,4,2,1,False,False,True,True,True,True,True,True,True,True,8.17934745346422e-12,3.915809343446597e-11,29,51,4.255161999957636,0.2891153749660589,0.003210082999430597,0.006013832986354828,,,,True
syn_s4_d1_u1_f5,nonlinear_mixed_order,4,2,1,True,True,True,True,True,True,False,True,True,True,1.8259448890508366e-11,1.0560441410234489e-10,54,74,3.790799208043609,0.17294766701525077,0.004447250044904649,,,,,True
syn_s5_d1_u1_f0,linear_first_order,5,1,1,False,False,True,True,True,True,True,True,True,True,3.5768011567815644e-12,1.781280678514463e-11,30,56,4.660336416971404,0.23165016598068178,0.0031146249966695905,0.005295499984640628,,,,True
syn_s5_d1_u1_f1,linear_dense_coupled,5,1,1,False,False,True,True,True,True,True,True,True,True,4.814188377069364e-12,1.7490897619154566e-11,30,56,4.816166832984891,0.20908879197668284,0.002745417004916817,0.005001749959774315,,,,True
syn_s5_d1_u1_f2,nonlinear_polynomial,5,1,1,True,False,True,True,True,True,False,True,True,True,7.8831329422782e-12,4.754585614108464e-11,44,73,4.522706207993906,0.2293166249874048,0.004145334009081125,,,,,True
syn_s5_d1_u1_f3,nonlinear_trigonometric,5,1,1,True,True,True,True,True,True,False,True,True,True,1.987953223022121e-11,6.932582286012234e-11,60,77,4.194509833003394,0.2165318750194274,0.00509787502232939,,,,,True
syn_s5_d1_u1_f4,linear_mixed_order,5,2,1,False,False,True,True,True,True,True,True,True,True,4.089217477914581e-12,2.269276433430889e-11,34,63,5.038646874949336,0.24314045801293105,0.0031550409621559083,0.007167165982536972,,,,True
syn_s5_d1_u1_f5,nonlinear_mixed_order,5,2,1,True,True,True,True,True,True,False,True,True,True,1.9437851032662894e-11,8.859808720007578e-11,67,87,5.004166041966528,0.17344691697508097,0.005943374999333173,,,,,True
syn_s6_d1_u1_f0,linear_first_order,6,1,1,False,False,True,True,True,True,True,True,True,True,3.850348868313454e-12,1.4319857799538482e-11,35,66,4.7142573749879375,0.2209711669711396,0.003116916981525719,0.005581999954301864,,,,True
syn_s6_d1_u1_f1,linear_dense_coupled,6,1,1,False,False,True,True,True,True,True,True,True,True,4.365180708433511e-12,1.337004118528995e-11,35,66,4.5041062500094995,0.21163687499938533,0.00299391703447327,0.00533037498826161,,,,True
syn_s6_d1_u1_f2,nonlinear_polynomial,6,1,1,True,False,True,True,True,True,False,True,True,True,6.346325332265563e-12,4.2125442023532855e-11,61,93,5.6621497080195695,0.22721866704523563,0.00477633299306035,,,,,True
syn_s6_d1_u1_f3,nonlinear_trigonometric,6,1,1,True,True,True,True,True,True,False,True,True,True,4.748980875048033e-12,2.5992999419521823e-11,61,85,5.115373707958497,0.2072908750269562,0.00577791704563424,,,,,True
syn_s6_d1_u1_f4,linear_mixed_order,6,2,1,False,False,True,True,True,True,True,True,True,True,5.1791032186950535e-12,2.6803899377814133e-11,39,73,5.051713083987124,0.2654940420179628,0.003939707996323705,0.009087375015951693,,,,True
syn_s6_d1_u1_f5,nonlinear_mixed_order,6,2,1,True,True,True,True,True,True,False,True,True,True,9.319523750625755e-11,7.326983186839442e-10,75,108,5.762201207980979,0.2661669160006568,0.006449042004533112,,,,,True
syn_s1_d2_u0_f0,linear_first_order,1,1,2,False,False,True,True,True,True,True,True,True,True,4.231959368875358e-12,1.1956123591172485e-11,5,9,1.2287024579709396,0.13300445803906769,0.0011144159943796694,0.001272291992790997,,,,True
syn_s1_d2_u0_f1,linear_dense_coupled,1,1,2,False,False,True,True,True,True,True,True,True,True,3.853484302797799e-12,1.1318980475127915e-11,5,9,1.1367829579976387,0.13086883397772908,0.0014504579594358802,0.001396375009790063,,,,True
syn_s1_d2_u0_f2,nonlinear_polynomial,1,1,2,True,False,True,True,True,True,False,True,True,True,7.515047510699079e-11,1.899149726369842e-10,11,14,1.7270949999801815,0.15120779199060053,0.001443791959900409,,,,,True
syn_s1_d2_u0_f3,nonlinear_trigonometric,1,1,2,True,True,True,True,True,True,False,True,True,True,2.6885411685218268e-11,6.332373514439382e-11,21,14,1.6942306669661775,0.15792366699315608,0.0017117919633165002,,,,,True
syn_s1_d2_u0_f4,linear_mixed_order,1,2,2,False,False,True,True,True,True,True,True,True,True,4.697644736796053e-12,1.7506322780302952e-11,10,16,1.8781084169750102,0.15469033300178126,0.002837000007275492,0.0032765420037321746,,,,True
syn_s1_d2_u0_f5,nonlinear_mixed_order,1,2,2,True,True,True,True,True,True,True,True,True,True,5.991734602348143e-12,2.4220805916463917e-11,16,17,2.0088127499911934,0.18236008298117667,0.0022464999929070473,0.0026207920163869858,,,,True
syn_s2_d2_u0_f0,linear_first_order,2,1,2,False,False,True,True,True,True,True,True,True,True,4.476935534713365e-12,1.3920531394262525e-11,13,22,2.5584018329973333,0.16761312499875203,0.001978082989808172,0.001797958044335246,,,,True
syn_s2_d2_u0_f1,linear_dense_coupled,2,1,2,False,False,True,True,True,True,True,True,True,True,4.6807767964439606e-12,1.5084086757433113e-11,13,22,2.3873470830149017,0.1401006249943748,0.002037041005678475,0.002068875008262694,,,,True
syn_s2_d2_u0_f2,nonlinear_polynomial,2,1,2,True,False,True,True,True,True,False,True,True,True,2.5684696669961704e-11,1.7513534372737283e-10,20,28,3.2679790830006823,0.15797258296515793,0.0021962919854559004,,,,,True
syn_s2_d2_u0_f3,nonlinear_trigonometric,2,1,2,True,True,True,True,True,True,False,True,True,True,1.476015056086933e-11,4.13702266888194e-11,36,41,3.3113825420150533,0.15990066598169506,0.003031542000826448,,,,,True
syn_s2_d2_u0_f4,linear_mixed_order,2,2,2,False,False,True,True,True,True,True,True,True,True,2.1811775449857685e-12,1.2328756071600111e-11,17,28,3.0074120829813182,0.14916170900687575,0.0019764589960686862,0.0033768750145100057,,,,True
syn_s2_d2_u0_f5,nonlinear_mixed_order,2,2,2,True,True,True,True,True,True,False,True,True,True,7.674438675644308e-12,2.2100571372973832e-11,32,38,2.825621250027325,0.15819620800903067,0.003448124974966049,,,,,True
syn_s3_d2_u0_f0,linear_first_order,3,1,2,False,False,True,True,True,True,True,True,True,True,4.942852380619049e-12,1.806571559015424e-11,18,32,3.2025137080345303,0.15595991699956357,0.0018953750259242952,0.002006208000238985,,,,True
syn_s3_d2_u0_f1,linear_dense_coupled,3,1,2,False,False,True,True,True,True,True,True,True,True,4.259019122705983e-12,1.346791428380456e-11,22,40,4.051855208002962,0.17685287503991276,0.002013791003264487,0.0023275419953279197,,,,True
syn_s3_d2_u0_f2,nonlinear_polynomial,3,1,2,True,False,True,True,True,True,False,True,True,True,6.235087113566107e-10,3.956256433568228e-09,29,42,3.784267458016984,0.1658730420167558,0.0035234169918112457,,,,,True
syn_s3_d2_u0_f3,nonlinear_trigonometric,3,1,2,True,True,True,True,True,True,False,True,True,True,5.132217854086762e-12,1.9778761961575242e-11,46,62,3.8574715420254506,0.195300874998793,0.004243290983140469,,,,,True
syn_s3_d2_u0_f4,linear_mixed_order,3,2,2,False,False,True,True,True,True,True,True,True,True,3.5957760739153687e-12,1.4970455430862728e-11,23,43,4.388484666997101,0.14627812494290993,0.0026259589940309525,0.004850665980484337,,,,True
syn_s3_d2_u0_f5,nonlinear_mixed_order,3,2,2,True,True,True,True,True,True,False,True,True,True,1.5988683432295862e-11,6.811781694260333e-11,44,48,3.4052589170169085,0.14551883295644075,0.005295291950460523,,,,,True
syn_s4_d2_u0_f0,linear_first_order,4,1,2,False,False,True,True,True,True,True,True,True,True,3.904192450299594e-12,1.2726195097734205e-11,23,42,4.329015124996658,0.20632550003938377,0.002421375014819205,0.0031475420109927654,,,,True
syn_s4_d2_u0_f1,linear_dense_coupled,4,1,2,False,False,True,True,True,True,True,True,True,True,3.6718587353262616e-12,1.4658899094577293e-11,28,53,4.9427564579527825,0.21502933296142146,0.0037687079748138785,0.0039206669898703694,,,,True
syn_s4_d2_u0_f2,nonlinear_polynomial,4,1,2,True,False,True,True,True,True,False,True,True,True,8.253346255014417e-12,3.8687331116449286e-11,39,55,4.530697209003847,0.20686120900791138,0.0028118750196881592,,,,,True
syn_s4_d2_u0_f3,nonlinear_trigonometric,4,1,2,True,True,True,True,True,True,False,True,True,True,9.8558100465187e-12,3.8100606003510507e-11,48,58,3.612872875004541,0.22083191596902907,0.005150958022568375,,,,,True
syn_s4_d2_u0_f4,linear_mixed_order,4,2,2,False,False,True,True,True,True,True,True,True,True,3.3393520810539296e-12,1.8488766073687657e-11,30,57,5.135500749980565,0.23545508401002735,0.003789332986343652,0.00458700000308454,,,,True
syn_s4_d2_u0_f5,nonlinear_mixed_order,4,2,2,True,True,True,True,True,True,False,True,True,True,4.955104915010818e-12,2.0234303815813703e-11,49,68,4.03560095798457,0.14873445796547458,0.004164916987065226,,,,,True
syn_s5_d2_u0_f0,linear_first_order,5,1,2,False,False,True,True,True,True,True,True,True,True,4.025550271995807e-12,1.6264836699697582e-11,28,52,4.450489624985494,0.18452212499687448,0.0025483749923296273,0.0036930000060237944,,,,True
syn_s5_d2_u0_f1,linear_dense_coupled,5,1,2,False,False,True,True,True,True,True,True,True,True,4.250069309369596e-12,2.0441398573822767e-11,34,65,5.357102999987546,0.21546579198911786,0.002801291993819177,0.005382250004913658,,,,True
syn_s5_d2_u0_f2,nonlinear_polynomial,5,1,2,True,False,True,True,True,True,False,True,True,True,6.086484920857933e-12,3.382964741671657e-11,47,72,5.460130207997281,0.21724825003184378,0.0033562079770490527,,,,,True
syn_s5_d2_u0_f3,nonlinear_trigonometric,5,1,2,True,True,True,True,True,True,False,True,True,True,8.339835985986855e-12,3.5280667276538225e-11,52,71,3.642683083016891,0.17814137501409277,0.004906417045276612,,,,,True
syn_s5_d2_u0_f4,linear_mixed_order,5,2,2,False,False,True,True,True,True,True,True,True,True,3.848207798073301e-12,1.6012947912091846e-11,35,68,5.431644459022209,0.25837829196825624,0.0032779169850982726,0.0059640000108629465,,,,True
syn_s5_d2_u0_f5,nonlinear_mixed_order,5,2,2,True,True,True,True,True,True,False,True,True,True,5.58775491217558e-12,2.4079668814458444e-11,60,79,4.968830582976807,0.20120458299061283,0.005217375000938773,,,,,True
syn_s6_d2_u0_f0,linear_first_order,6,1,2,False,False,True,True,True,True,True,True,True,True,4.209439779954136e-12,1.41811909437628e-11,33,62,4.79702608298976,0.20020333299180493,0.0029538749950006604,0.005248542001936585,,,,True
syn_s6_d2_u0_f1,linear_dense_coupled,6,1,2,False,False,True,True,True,True,True,True,True,True,3.938795089356667e-12,1.4350118315853422e-11,40,78,4.873424125020392,0.198043292039074,0.0036747499834746122,0.007079124974552542,,,,True
syn_s6_d2_u0_f2,nonlinear_polynomial,6,1,2,True,False,True,True,True,True,False,True,True,True,1.2349153362090324e-11,5.890879450909381e-11,54,83,5.077889250009321,0.22592108300887048,0.003801291051786393,,,,,True
syn_s6_d2_u0_f3,nonlinear_trigonometric,6,1,2,True,True,True,True,True,True,False,True,True,True,1.0196113928861589e-11,4.531486297310039e-11,57,72,4.113289041968528,0.23296420800033957,0.00462645897641778,,,,,True
syn_s6_d2_u0_f4,linear_mixed_order,6,2,2,False,False,True,True,True,True,True,True,True,True,3.944681019470921e-12,2.010470956381738e-11,42,82,5.616360792017076,0.26694579201284796,0.0035391669953241944,0.0074676250224001706,,,,True
syn_s6_d2_u0_f5,nonlinear_mixed_order,6,2,2,True,True,True,True,True,True,False,True,True,True,5.7333440682245085e-12,3.106118140472347e-11,71,91,4.971935667039361,0.2538080420345068,0.006980833015404642,,,,,True
syn_s1_d2_u1_f0,linear_first_order,1,1,2,False,False,True,True,True,True,True,True,True,True,6.035422133403595e-12,1.2104352242747751e-11,9,11,1.4625453340122476,0.16943083400838077,0.0012859589769504964,0.001237916003447026,,,,True
syn_s1_d2_u1_f1,linear_dense_coupled,1,1,2,False,False,True,True,True,True,True,True,True,True,3.0232082390521767e-12,1.097005819516994e-11,9,11,1.3267082499805838,0.1325125410221517,0.0019586249836720526,0.001722874992992729,,,,True
syn_s1_d2_u1_f2,nonlinear_polynomial,1,1,2,True,False,True,True,True,True,False,True,True,True,5.758452689219391e-12,1.220186451877936e-11,18,14,1.8646200000075623,0.18467058305395767,0.0015601249760948122,,,,,True
syn_s1_d2_u1_f3,nonlinear_trigonometric,1,1,2,True,True,True,True,True,True,False,True,True,True,5.991726128654598e-12,1.2273661254003088e-11,23,17,2.4061596659594215,0.13509354199049994,0.0018705829861573875,,,,,True
syn_s1_d2_u1_f4,linear_mixed_order,1,2,2,False,False,True,True,True,True,True,True,True,True,3.334258745984307e-11,9.739964390576006e-11,11,18,2.059885708033107,0.1379893749835901,0.0025979159981943667,0.002501874987501651,,,,True
syn_s1_d2_u1_f5,nonlinear_mixed_order,1,2,2,True,True,True,True,True,True,False,True,True,True,8.66182066954108e-11,4.3290382389926663e-10,20,24,1.9639191660098732,0.15645283297635615,0.0023927500005811453,,,,,True
syn_s2_d2_u1_f0,linear_first_order,2,1,2,False,False,True,True,True,True,True,True,True,True,4.9921113167827225e-12,1.5649467832723474e-11,15,23,2.6096696670283563,0.14030012500006706,0.0021465829922817647,0.002276625018566847,,,,True
syn_s2_d2_u1_f1,linear_dense_coupled,2,1,2,False,False,True,True,True,True,True,True,True,True,4.058351040070271e-12,1.4094940492537233e-11,15,23,2.4916851249872707,0.1578023750334978,0.0021825830335728824,0.002443999983370304,,,,True
syn_s2_d2_u1_f2,nonlinear_polynomial,2,1,2,True,False,True,True,True,True,False,True,True,True,4.813972329447681e-12,2.3247855029939757e-11,29,37,3.5608294580015354,0.19043575000250712,0.0024681250215508044,,,,,True
syn_s2_d2_u1_f3,nonlinear_trigonometric,2,1,2,True,True,True,True,True,True,False,True,True,True,5.7704885706664056e-11,4.629394645405682e-10,40,46,3.2285903749871068,0.15959729097085074,0.006325207999907434,,,,,True
syn_s2_d2_u1_f4,linear_mixed_order,2,2,2,False,False,True,True,True,True,True,True,True,True,8.863071698665491e-12,2.8562124887443474e-11,18,30,2.9867070419713855,0.17759712500264868,0.002367582987062633,0.0038828750257380307,,,,True
syn_s2_d2_u1_f5,nonlinear_mixed_order,2,2,2,True,True,True,True,True,True,False,True,True,True,4.67359841159353e-11,2.61466071016514e-10,34,35,3.230391790973954,0.19067475001793355,0.003844666003715247,,,,,True
syn_s3_d2_u1_f0,linear_first_order,3,1,2,False,False,True,True,True,True,True,True,True,True,6.1988203277371594e-12,1.8451580541256618e-11,20,35,3.483499458990991,0.1592965829768218,0.001962625014130026,0.0022695419611409307,,,,True
syn_s3_d2_u1_f1,linear_dense_coupled,3,1,2,False,False,True,True,True,True,True,True,True,True,3.596028278951237e-12,1.4335525821973505e-11,24,43,4.1154032909544185,0.2070604590117,0.002719166048336774,0.0034409170038998127,,,,True
syn_s3_d2_u1_f2,nonlinear_polynomial,3,1,2,True,False,True,True,True,True,False,True,True,True,2.6025044229340336e-12,1.5987836055053606e-11,38,49,4.673413000011351,0.18271116603864357,0.0035149159957654774,,,,,True
syn_s3_d2_u1_f3,nonlinear_trigonometric,3,1,2,True,True,True,True,True,True,False,True,True,True,3.025092121170792e-11,1.803968086022678e-10,55,56,3.524545666994527,0.19242237496655434,0.004130000015720725,,,,,True
syn_s3_d2_u1_f4,linear_mixed_order,3,2,2,False,False,True,True,True,True,True,True,True,True,6.840148303213614e-12,2.0022872249114698e-11,25,46,4.6378442499553785,0.21140820800792426,0.0032566250301897526,0.004370291018858552,,,,True
syn_s3_d2_u1_f5,nonlinear_mixed_order,3,2,2,True,True,True,True,True,True,False,True,True,True,4.684920449005803e-11,3.5313182933371934e-10,45,58,3.641371707955841,0.16816829098388553,0.006047999951988459,,,,,True
syn_s4_d2_u1_f0,linear_first_order,4,1,2,False,False,True,True,True,True,True,True,True,True,4.4181495143938125e-12,1.3408205101761439e-11,25,45,3.8186450420180336,0.17734875000314787,0.0026868749991990626,0.002867667004466057,,,,True
syn_s4_d2_u1_f1,linear_dense_coupled,4,1,2,False,False,True,True,True,True,True,True,True,True,3.2299141639889977e-12,1.6136120217780103e-11,30,56,5.070561084023211,0.165558582986705,0.003445542010013014,0.004791915998794138,,,,True
syn_s4_d2_u1_f2,nonlinear_polynomial,4,1,2,True,False,True,True,True,True,False,True,True,True,1.941803077699635e-11,9.735207084915487e-11,41,59,4.653082291013561,0.18952279194490984,0.004288292024284601,,,,,True
syn_s4_d2_u1_f3,nonlinear_trigonometric,4,1,2,True,True,True,True,True,True,False,True,True,True,1.3867451450377655e-11,4.069422576691295e-11,45,61,3.7407710420084186,0.18847916700178757,0.004948000016156584,,,,,True
syn_s4_d2_u1_f4,linear_mixed_order,4,2,2,False,False,True,True,True,True,True,True,True,True,1.14857251532648e-11,5.8205829045476776e-11,32,60,4.39564037497621,0.20961029204772785,0.003531375026796013,0.006122291961219162,,,,True
syn_s4_d2_u1_f5,nonlinear_mixed_order,4,2,2,True,True,True,True,True,True,False,True,True,True,2.973571138889535e-11,2.11174078224019e-10,54,66,3.97213249997003,0.21269733301596716,0.005189916002564132,,,,,True
syn_s5_d2_u1_f0,linear_first_order,5,1,2,False,False,True,True,True,True,True,True,True,True,4.588993735142404e-12,1.722558207184477e-11,30,56,4.858661958016455,0.18543404195224866,0.003761374973692,0.004549709032289684,,,,True
syn_s5_d2_u1_f1,linear_dense_coupled,5,1,2,False,False,True,True,True,True,True,True,True,True,3.659615359085008e-12,1.9529086681124852e-11,36,69,4.920244416978676,0.2116604590555653,0.0034796660183928907,0.005610666994471103,,,,True
syn_s5_d2_u1_f2,nonlinear_polynomial,5,1,2,True,False,True,True,True,True,False,True,True,True,3.2806994443241225e-12,1.8904912357786685e-11,48,74,5.356869625044055,0.2678813749807887,0.004490708000957966,,,,,True
syn_s5_d2_u1_f3,nonlinear_trigonometric,5,1,2,True,True,True,True,True,True,False,True,True,True,8.118333527385544e-12,4.559330690767638e-11,62,81,4.269070957961958,0.21675258403411135,0.0062362090102396905,,,,,True
syn_s5_d2_u1_f4,linear_mixed_order,5,2,2,False,False,True,True,True,True,True,True,True,True,8.999246623458048e-12,3.384889590840601e-11,37,73,5.207452333008405,0.2606415000045672,0.004307582974433899,0.007446374977007508,,,,True
syn_s5_d2_u1_f5,nonlinear_mixed_order,5,2,2,True,True,True,True,True,True,False,True,True,True,1.2408266881216289e-11,8.833767051186214e-11,67,88,5.080752332985867,0.22099120798520744,0.005699540954083204,,,,,True
syn_s6_d2_u1_f0,linear_first_order,6,1,2,False,False,True,True,True,True,True,True,True,True,4.70751175793278e-12,1.4903654699249813e-11,35,66,4.919528791040648,0.21679941698675975,0.002794375002849847,0.005114624975249171,,,,True
syn_s6_d2_u1_f1,linear_dense_coupled,6,1,2,False,False,True,True,True,True,True,True,True,True,3.3898422130851997e-12,1.587706355277163e-11,42,82,5.606586333015002,0.2271525000105612,0.003884166944772005,0.007933042012155056,,,,True
syn_s6_d2_u1_f2,nonlinear_polynomial,6,1,2,True,False,True,True,True,True,False,True,True,True,4.563985476468447e-12,2.3533716642099023e-11,54,90,5.209094209014438,0.19333520805230364,0.004757874994538724,,,,,True
syn_s6_d2_u1_f3,nonlinear_trigonometric,6,1,2,True,True,True,True,True,True,False,True,True,True,8.580237809794086e-12,4.879177617489461e-11,71,92,4.808140665991232,0.268723624991253,0.005821499973535538,,,,,True
syn_s6_d2_u1_f4,linear_mixed_order,6,2,2,False,False,True,True,True,True,True,True,True,True,8.066335519967245e-12,3.785416424761934e-11,44,87,5.324742958007846,0.2383965830085799,0.0038885000394657254,0.008873541024513543,,,,True
syn_s6_d2_u1_f5,nonlinear_mixed_order,6,2,2,True,True,True,True,True,True,False,True,True,True,8.387265884985928e-12,4.3378522995851654e-11,70,101,5.262289582984522,0.24041716597275808,0.007168709009420127,,,,,True
syn_s1_d3_u0_f0,linear_first_order,1,1,3,False,False,True,True,True,True,True,True,True,True,4.2330981397272516e-12,1.167171914673304e-11,5,9,1.5008988329791464,0.15872558299452066,0.0011912090121768415,0.0013450420228764415,,,,True
syn_s1_d3_u0_f1,linear_dense_coupled,1,1,3,False,False,True,True,True,True,True,True,True,True,3.8537409923216954e-12,1.1940344546435e-11,5,9,1.340529625013005,0.10972254100488499,0.0015988340019248426,0.0018314169719815254,,,,True
syn_s1_d3_u0_f2,nonlinear_polynomial,1,1,3,True,False,True,True,True,True,False,True,True,True,4.2513414488358366e-12,1.2234976920488805e-11,9,8,1.1686927090049721,0.13476833299500868,0.0013137919595465064,,,,,True
syn_s1_d3_u0_f3,nonlinear_trigonometric,1,1,3,True,True,True,True,True,True,False,True,True,True,1.0591388460523082e-11,3.4968944406799096e-11,21,17,2.0889103750232607,0.13597370899515226,0.0019719579722732306,,,,,True
syn_s1_d3_u0_f4,linear_mixed_order,1,3,3,False,False,True,True,True,True,True,True,True,True,6.129864008074764e-12,1.8989837480276606e-11,14,22,2.307329709001351,0.16553245799150318,0.002545375027693808,0.0031298339599743485,,,,True
syn_s1_d3_u0_f5,nonlinear_mixed_order,1,3,3,True,True,True,True,True,True,False,True,True,True,7.890608957670556e-12,2.0939500133820843e-11,18,23,2.614624750043731,0.1398687080363743,0.00267987500410527,,,,,True
syn_s2_d3_u0_f0,linear_first_order,2,1,3,False,False,True,True,True,True,True,True,True,True,4.414089065885563e-12,1.497177382070447e-11,13,22,2.43082091701217,0.138710291008465,0.002231249993201345,0.0018726249691098928,,,,True
syn_s2_d3_u0_f1,linear_dense_coupled,2,1,3,False,False,True,True,True,True,True,True,True,True,4.980428265147511e-12,1.5286119592339276e-11,13,22,2.615282542014029,0.15343504201155156,0.0017470830352976918,0.0017952090129256248,,,,True
syn_s2_d3_u0_f2,nonlinear_polynomial,2,1,3,True,False,True,True,True,True,False,True,True,True,4.143035880178591e-12,1.9816558116669825e-11,14,25,2.738947499950882,0.16109579103067517,0.0018230420537292957,,,,,True
syn_s2_d3_u0_f3,nonlinear_trigonometric,2,1,3,True,True,True,True,True,True,False,True,True,True,1.3783497566538448e-11,3.552752536606363e-11,36,44,2.9635602090274915,0.17821624997304752,0.0035784999490715563,,,,,True
syn_s2_d3_u0_f4,linear_mixed_order,2,3,3,False,False,True,True,True,True,True,True,True,True,2.2236010140541877e-12,6.788722362038868e-12,21,34,3.379758332972415,0.19625279196770862,0.003001500037498772,0.005159875028766692,,,,True
syn_s2_d3_u0_f5,nonlinear_mixed_order,2,3,3,True,True,True,True,True,True,False,True,True,True,1.6810635919335912e-11,6.805711549873195e-11,33,39,2.7445447079953738,0.2030709160026163,0.0030761249945499003,,,,,True
syn_s3_d3_u0_f0,linear_first_order,3,1,3,False,False,True,True,True,True,True,True,True,True,4.8787910551723275e-12,1.6886554654593766e-11,18,32,3.329898542026058,0.1813638339517638,0.001875750022009015,0.00205445900792256,,,,True
syn_s3_d3_u0_f1,linear_dense_coupled,3,1,3,False,False,True,True,True,True,True,True,True,True,4.170343668767836e-12,1.7638654425944367e-11,22,41,4.184372499992605,0.1187671659863554,0.0021086250199005008,0.002749082981608808,,,,True
syn_s3_d3_u0_f2,nonlinear_polynomial,3,1,3,True,False,True,True,True,True,False,True,True,True,1.3210835828065133e-11,4.705941192284513e-11,32,45,3.986019999952987,0.18160416599130258,0.0024472499499097466,,,,,True
syn_s3_d3_u0_f3,nonlinear_trigonometric,3,1,3,True,True,True,True,True,True,False,True,True,True,1.127157196000592e-11,6.167655275390871e-11,50,52,3.6146356249810196,0.16543766699032858,0.004580417007673532,,,,,True
syn_s3_d3_u0_f4,linear_mixed_order,3,3,3,False,False,True,True,True,True,True,True,True,True,2.097145526816172e-12,6.176857636486233e-12,28,49,4.110412749985699,0.23912424995796755,0.0033524580067023635,0.006035708007402718,,,,True
syn_s3_d3_u0_f5,nonlinear_mixed_order,3,3,3,True,True,True,True,True,True,False,True,True,True,3.8072745334558825e-12,1.8471779661410892e-11,44,52,3.478216541989241,0.19194300001254305,0.006274165993090719,,,,,True
syn_s4_d3_u0_f0,linear_first_order,4,1,3,False,False,True,True,True,True,True,True,True,True,3.810810305507336e-12,1.2649485625626511e-11,23,42,4.121390875021461,0.21286379202501848,0.0030057079857215285,0.0031304160365834832,,,,True
syn_s4_d3_u0_f1,linear_dense_coupled,4,1,3,False,False,True,True,True,True,True,True,True,True,2.9854403332089174e-12,1.254710224607436e-11,33,61,4.8954710839898326,0.21636316605145112,0.0035477500059641898,0.007404875010251999,,,,True
syn_s4_d3_u0_f2,nonlinear_polynomial,4,1,3,True,False,True,True,True,True,False,True,True,True,8.402611272365109e-12,3.939068515812494e-11,37,52,4.424017290992197,0.22499091702047735,0.003102166985627264,,,,,True
syn_s4_d3_u0_f3,nonlinear_trigonometric,4,1,3,True,True,True,True,True,True,False,True,True,True,2.2172386521322193e-11,5.599359864660869e-11,49,57,3.6442712920252234,0.23915529198711738,0.004220583010464907,,,,,True
syn_s4_d3_u0_f4,linear_mixed_order,4,3,3,False,False,True,True,True,True,True,True,True,True,2.6034008526144227e-12,7.456937844985134e-12,35,64,5.133732957998291,0.2156519580166787,0.004892583005130291,0.00822150002932176,,,,True
syn_s4_d3_u0_f5,nonlinear_mixed_order,4,3,3,True,True,True,True,True,True,False,True,True,True,4.961978328146726e-12,2.2461282833674545e-11,54,68,3.8359430839773268,0.2011198749532923,0.004101458995137364,,,,,True
syn_s5_d3_u0_f0,linear_first_order,5,1,3,False,False,True,True,True,True,True,True,True,True,3.938963415449517e-12,1.7358926795996155e-11,28,52,4.722264415991958,0.21250729204621166,0.0026207920163869858,0.004243750008754432,,,,True
syn_s5_d3_u0_f1,linear_dense_coupled,5,1,3,False,False,True,True,True,True,True,True,True,True,5.7892127966383264e-12,2.9612562402192566e-11,40,76,5.292784624965861,0.19130520900944248,0.003747207985725254,0.005485959001816809,,,,True
syn_s5_d3_u0_f2,nonlinear_polynomial,5,1,3,True,False,True,True,True,True,False,True,True,True,2.3062111095706758e-11,8.860778777375344e-11,42,68,5.0834897920140065,0.2787834999617189,0.0034548339899629354,,,,,True
syn_s5_d3_u0_f3,nonlinear_trigonometric,5,1,3,True,True,True,True,True,True,False,True,True,True,6.5065200328268884e-12,2.086020245428699e-11,54,73,3.937602958001662,0.248365624982398,0.004406666033901274,,,,,True
syn_s5_d3_u0_f4,linear_mixed_order,5,3,3,False,False,True,True,True,True,True,True,True,True,4.404398443161114e-12,2.1246129855434503e-11,43,81,5.393214916985016,0.2531268749735318,0.00463375000981614,0.009541624982375652,,,,True
syn_s5_d3_u0_f5,nonlinear_mixed_order,5,3,3,True,True,True,True,True,True,False,True,True,True,2.6252084858108235e-12,1.1195717963818907e-11,64,84,4.357989165990148,0.2217378329951316,0.005393542000092566,,,,,True
syn_s6_d3_u0_f0,linear_first_order,6,1,3,False,False,True,True,True,True,True,True,True,True,4.108528620481354e-12,1.4117526592194451e-11,33,62,4.844836583011784,0.22254487499594688,0.002819749992340803,0.004264165996573865,,,,True
syn_s6_d3_u0_f1,linear_dense_coupled,6,1,3,False,False,True,True,True,True,True,True,True,True,3.319541589201766e-12,1.3398650244855759e-11,47,90,5.970008709002286,0.22932137502357364,0.004521708993706852,0.008341624983586371,,,,True
syn_s6_d3_u0_f2,nonlinear_polynomial,6,1,3,True,False,True,True,True,True,False,True,True,True,2.471474446800361e-11,1.3222362094111872e-10,52,81,4.656141582992859,0.24295566696673632,0.0044817920424975455,,,,,True
syn_s6_d3_u0_f3,nonlinear_trigonometric,6,1,3,True,True,True,True,True,True,False,True,True,True,6.818088996915987e-12,3.388124503178602e-11,65,88,4.465322167030536,0.2582582079921849,0.004887416027486324,,,,,True
syn_s6_d3_u0_f4,linear_mixed_order,6,3,3,False,False,True,True,True,True,True,True,True,True,2.1010115361882283e-12,7.941536317446207e-12,49,93,5.36109491699608,0.272681292030029,0.00505166599759832,0.012606333999428898,,,,True
syn_s6_d3_u0_f5,nonlinear_mixed_order,6,3,3,True,True,True,True,True,True,False,True,True,True,8.83251439327038e-12,3.047076480022781e-11,70,97,5.044890874996781,0.16518270800588652,0.006899583037011325,,,,,True
syn_s1_d3_u1_f0,linear_first_order,1,1,3,False,False,True,True,True,True,True,True,True,True,3.1771790428768213e-12,1.1837225644129035e-11,9,11,1.200378792011179,0.10922045900952071,0.0018847500323317945,0.003209457965567708,,,,True
syn_s1_d3_u1_f1,linear_dense_coupled,1,1,3,False,False,True,True,True,True,True,True,True,True,5.182738130805927e-12,1.2348580491483574e-11,9,11,1.427620125003159,0.16104341699974611,0.0012710000155493617,0.0011173749808222055,,,,True
syn_s1_d3_u1_f2,nonlinear_polynomial,1,1,3,True,False,True,True,True,True,False,True,True,True,1.36662187108208e-11,3.800915138185701e-11,14,15,1.6050252079730853,0.131013999984134,0.0020107500022277236,,,,,True
syn_s1_d3_u1_f3,nonlinear_trigonometric,1,1,3,True,True,True,True,True,True,False,True,True,True,3.2615790637618925e-12,9.900927300243723e-12,24,20,2.5905622920254245,0.149679958994966,0.00307312497170642,,,,,True
syn_s1_d3_u1_f4,linear_mixed_order,1,3,3,False,False,True,True,True,True,True,True,True,True,6.889940323021919e-11,2.7915836309233555e-10,15,24,2.763057124975603,0.13614424999104813,0.0027677909820340574,0.005021208024118096,,,,True
syn_s1_d3_u1_f5,nonlinear_mixed_order,1,3,3,True,True,True,True,True,True,False,True,True,True,9.678862420378731e-11,4.5557002614771136e-10,18,22,2.5231995829963125,0.13865383301163092,0.002137749979738146,,,,,True
syn_s2_d3_u1_f0,linear_first_order,2,1,3,False,False,True,True,True,True,True,True,True,True,3.80155941946371e-12,1.3897667738849151e-11,15,23,2.4505901249940507,0.1407165420241654,0.002556250023189932,0.002599709026981145,,,,True
syn_s2_d3_u1_f1,linear_dense_coupled,2,1,3,False,False,True,True,True,True,True,True,True,True,5.3444717786159e-12,1.601625776448401e-11,15,23,2.6737772910273634,0.26557320897700265,0.0018940410227514803,0.0019395000417716801,,,,True
syn_s2_d3_u1_f2,nonlinear_polynomial,2,1,3,True,False,True,True,True,True,False,True,True,True,2.9794864100614965e-11,1.5280857135202552e-10,23,31,3.408105999988038,0.16716404200997204,0.002603249973617494,,,,,True
syn_s2_d3_u1_f3,nonlinear_trigonometric,2,1,3,True,True,True,True,True,True,False,True,True,True,1.096300759863536e-11,2.388869657643511e-11,39,29,2.4863687499891967,0.14088258397532627,0.0035202500293962657,,,,,True
syn_s2_d3_u1_f4,linear_mixed_order,2,3,3,False,False,True,True,True,True,True,True,True,True,9.009729351704517e-12,2.728051118339181e-11,22,36,3.678245583025273,0.2044931249693036,0.003971957950852811,0.006630667019635439,,,,True
syn_s2_d3_u1_f5,nonlinear_mixed_order,2,3,3,True,True,True,True,True,True,True,True,True,True,1.0993005448313413e-11,4.1278314100168245e-11,33,32,2.5674605420208536,0.20498145796591416,0.003026125021278858,0.004448749998118728,,,,True
syn_s3_d3_u1_f0,linear_first_order,3,1,3,False,False,True,True,True,True,True,True,True,True,3.871732149055356e-12,1.7886692127433435e-11,20,35,3.690560750022996,0.16420683299656957,0.002280500018969178,0.0026190830394625664,,,,True
syn_s3_d3_u1_f1,linear_dense_coupled,3,1,3,False,False,True,True,True,True,True,True,True,True,6.5906870791275464e-12,2.006450561253814e-11,24,44,4.219893208006397,0.17569995898520574,0.002473208005540073,0.004110499983653426,,,,True
syn_s3_d3_u1_f2,nonlinear_polynomial,3,1,3,True,False,True,True,True,True,False,True,True,True,3.9151804742651705e-12,1.8426996040155075e-11,43,58,5.5970010830205865,0.17106108303414658,0.003547125030308962,,,,,True
syn_s3_d3_u1_f3,nonlinear_trigonometric,3,1,3,True,True,True,True,True,True,False,True,True,True,3.818985828162257e-12,1.7656459627701793e-11,50,53,3.4023340420098975,0.14490258402656764,0.003954166022595018,,,,,True
syn_s3_d3_u1_f4,linear_mixed_order,3,3,3,False,False,True,True,True,True,True,True,True,True,6.096110108056902e-12,3.011613181058692e-11,30,52,5.038815915992018,0.21035733399912715,0.0051126249600201845,0.007762333028949797,,,,True
syn_s3_d3_u1_f5,nonlinear_mixed_order,3,3,3,True,True,True,True,True,True,False,True,True,True,4.8159492239598664e-11,2.208510041512568e-10,42,61,4.237345041008666,0.20133975002681836,0.0044220840209163725,,,,,True
syn_s4_d3_u1_f0,linear_first_order,4,1,3,False,False,True,True,True,True,True,True,True,True,3.2221277747396207e-12,1.1850791181711173e-11,25,45,4.407260790991131,0.21013800002401695,0.00363987497985363,0.003322165983263403,,,,True
syn_s4_d3_u1_f1,linear_dense_coupled,4,1,3,False,False,True,True,True,True,True,True,True,True,3.688278625112021e-12,1.37375666398043e-11,35,64,5.378808749956079,0.22113508300390095,0.003758000035304576,0.005510334041900933,,,,True
syn_s4_d3_u1_f2,nonlinear_polynomial,4,1,3,True,False,True,True,True,True,False,True,True,True,2.0248006798965095e-11,5.7979010481545856e-11,38,59,4.943888375011738,0.16436062497086823,0.003153500030748546,,,,,True
syn_s4_d3_u1_f3,nonlinear_trigonometric,4,1,3,True,True,True,True,True,True,False,True,True,True,5.6098751979067964e-12,2.942199262001566e-11,49,58,3.539214166055899,0.1679293749621138,0.004217125009745359,,,,,True
syn_s4_d3_u1_f4,linear_mixed_order,4,3,3,False,False,True,True,True,True,True,True,True,True,1.3433906605579684e-11,7.711831173651262e-11,37,67,5.431478667014744,0.21743712498573586,0.005634417000692338,0.009655042027588934,,,,True
syn_s4_d3_u1_f5,nonlinear_mixed_order,4,3,3,True,True,True,True,True,True,False,True,True,True,3.1218290081753864e-11,2.084222794351831e-10,56,65,3.541741708002519,0.2357194580254145,0.004238624998833984,,,,,True
syn_s5_d3_u1_f0,linear_first_order,5,1,3,False,False,True,True,True,True,True,True,True,True,3.2702870555791653e-12,1.710741270866123e-11,30,56,4.744672208034899,0.1881962079787627,0.0031074159778654575,0.004709166998509318,,,,True
syn_s5_d3_u1_f1,linear_dense_coupled,5,1,3,False,False,True,True,True,True,True,True,True,True,5.635847979080629e-12,2.2854718118026085e-11,42,80,5.414385833020788,0.20002145797479898,0.0034366250038146973,0.007215499994345009,,,,True
syn_s5_d3_u1_f2,nonlinear_polynomial,5,1,3,True,False,True,True,True,True,False,True,True,True,8.595733839411989e-12,4.038860912380926e-11,47,74,4.98529145802604,0.20073012495413423,0.003673749975860119,,,,,True
syn_s5_d3_u1_f3,nonlinear_trigonometric,5,1,3,True,True,True,True,True,True,False,True,True,True,3.187737199636832e-11,1.2391554449209252e-10,61,82,4.525946542038582,0.2609757920145057,0.004927041998598725,,,,,True
syn_s5_d3_u1_f4,linear_mixed_order,5,3,3,False,False,True,True,True,True,True,True,True,True,6.013753458571118e-12,2.5373952938778643e-11,45,86,5.1110305830370635,0.23485941701801494,0.005446916969958693,0.012497000047005713,,,,True
syn_s5_d3_u1_f5,nonlinear_mixed_order,5,3,3,True,True,True,True,True,True,False,True,True,True,9.877042005104434e-12,3.496200551289519e-11,60,76,4.143827709020115,0.22617074998561293,0.005730541015509516,,,,,True
syn_s6_d3_u1_f0,linear_first_order,6,1,3,False,False,True,True,True,True,True,True,True,True,3.3811348644717204e-12,1.3015095945423383e-11,35,66,5.176322417042684,0.21225070900982246,0.003083250019699335,0.0051035829819738865,,,,True
syn_s6_d3_u1_f1,linear_dense_coupled,6,1,3,False,False,True,True,True,True,True,True,True,True,3.813715211877951e-12,1.2805180527042381e-11,49,94,5.627806540986057,0.3402305839699693,0.004583332978654653,0.0087224580347538,,,,True
syn_s6_d3_u1_f2,nonlinear_polynomial,6,1,3,True,False,True,True,True,True,False,True,True,True,3.0111726221674822e-12,2.073489296927633e-11,55,90,4.858844999980647,0.22194062499329448,0.005334999994374812,,,,,True
syn_s6_d3_u1_f3,nonlinear_trigonometric,6,1,3,True,True,True,True,True,True,False,True,True,True,1.3824665267706832e-11,9.090284081025857e-11,75,93,4.824913999997079,0.2732819590019062,0.005661083967424929,,,,,True
syn_s6_d3_u1_f4,linear_mixed_order,6,3,3,False,False,True,True,True,True,True,True,True,True,5.762666887959601e-12,2.8437141530446297e-11,51,98,5.110540124995168,0.2705468339845538,0.005383667012210935,0.013524417008738965,,,,True
syn_s6_d3_u1_f5,nonlinear_mixed_order,6,3,3,True,True,True,True,True,True,False,True,True,True,1.4347835825438869e-11,6.111866568403457e-11,69,96,4.927734249969944,0.22650991700356826,0.005872583016753197,,,,,True
